{"cameraMode":{"drawMode":0,"name":"Shaded","section":"Shading Mode"},"sceneLighting":true,"audioPlay":false,"sceneViewState":{"showFog":true,"showMaterialUpdate":false,"showSkybox":true,"showFlares":true,"showImageEffects":true,"showParticleSystems":true},"in2DMode":false,"pivot":{"x":-0.5738368034362793,"y":-1.0607662200927735,"z":-2.8720359802246095},"rotation":{"x":-0.29951584339141848,"y":-0.1699732393026352,"z":0.054317817091941836,"w":-0.9372560977935791},"size":37.018890380859378,"orthographic":false}