{"cameraMode":{"drawMode":0,"name":"Shaded","section":"Shading Mode"},"sceneLighting":true,"audioPlay":false,"sceneViewState":{"showFog":true,"showMaterialUpdate":false,"showSkybox":true,"showFlares":true,"showImageEffects":true,"showParticleSystems":true},"in2DMode":false,"pivot":{"x":-23.984405517578126,"y":-0.5513544082641602,"z":8.73524284362793},"rotation":{"x":0.06725410372018814,"y":-0.519916296005249,"z":0.04110974818468094,"w":0.8505727648735046},"size":37.4603271484375,"orthographic":false}