{"cameraMode":{"drawMode":0,"name":"Shaded","section":"Shading Mode"},"sceneLighting":false,"audioPlay":false,"sceneViewState":{"showFog":true,"showMaterialUpdate":false,"showSkybox":true,"showFlares":true,"showImageEffects":true,"showParticleSystems":true},"in2DMode":false,"pivot":{"x":12.706128120422364,"y":3.7472140789031984,"z":-9.845762252807618},"rotation":{"x":-0.30475518107414248,"y":-0.263359010219574,"z":0.08809655904769898,"w":-0.9110463261604309},"size":24.75,"orthographic":false}