{"cameraMode":{"drawMode":0,"name":"Shaded","section":"Shading Mode"},"sceneLighting":true,"audioPlay":false,"sceneViewState":{"showFog":true,"showMaterialUpdate":false,"showSkybox":true,"showFlares":true,"showImageEffects":true,"showParticleSystems":true},"in2DMode":false,"pivot":{"x":-32.00426483154297,"y":2.381923198699951,"z":-10.218239784240723},"rotation":{"x":0.02015879936516285,"y":-0.8146988153457642,"z":0.028373204171657563,"w":0.5788388848304749},"size":37.449283599853519,"orthographic":false}