{"cameraMode":{"drawMode":0,"name":"Shaded","section":"Shading Mode"},"sceneLighting":true,"audioPlay":false,"sceneViewState":{"showFog":true,"showMaterialUpdate":false,"showSkybox":true,"showFlares":true,"showImageEffects":true,"showParticleSystems":true},"in2DMode":false,"pivot":{"x":-1.479720115661621,"y":-0.2928340435028076,"z":-3.8041248321533205},"rotation":{"x":-0.11073458194732666,"y":0.2381751388311386,"z":-0.027344917878508569,"w":-0.9645013213157654},"size":10.0,"orthographic":false}