{"cameraMode":{"drawMode":0,"name":"Shaded","section":"Shading Mode"},"sceneLighting":false,"audioPlay":false,"sceneViewState":{"showFog":true,"showMaterialUpdate":false,"showSkybox":true,"showFlares":true,"showImageEffects":true,"showParticleSystems":true},"in2DMode":false,"pivot":{"x":-59.6763801574707,"y":-58.17988204956055,"z":102.20700073242188},"rotation":{"x":0.20150260627269746,"y":-0.25572386384010317,"z":0.054589301347732547,"w":0.9439396262168884},"size":265.31671142578127,"orthographic":false}