{"cameraMode":{"drawMode":0,"name":"Shaded","section":"Shading Mode"},"sceneLighting":false,"audioPlay":false,"sceneViewState":{"showFog":true,"showMaterialUpdate":false,"showSkybox":true,"showFlares":true,"showImageEffects":true,"showParticleSystems":true},"in2DMode":false,"pivot":{"x":0.08358955383300781,"y":-0.12220001220703125,"z":-0.12474441528320313},"rotation":{"x":-0.3008391857147217,"y":-0.17129658162593842,"z":0.05502403527498245,"w":-0.9365499019622803},"size":50.05366134643555,"orthographic":false}