{"cameraMode":{"drawMode":0,"name":"Shaded","section":"Shading Mode"},"sceneLighting":false,"audioPlay":false,"sceneViewState":{"showFog":true,"showMaterialUpdate":false,"showSkybox":true,"showFlares":true,"showImageEffects":true,"showParticleSystems":true},"in2DMode":false,"pivot":{"x":-3.180389165878296,"y":2.012971878051758,"z":-5.6240339279174809},"rotation":{"x":0.021660855039954187,"y":-0.7822693586349487,"z":0.02724376693367958,"w":0.6219673156738281},"size":24.75,"orthographic":false}